229.28,144273,1538438400000
230.08,580645,1538573401251
230.18,606061,1538573401584
230.29,625000,1538573408834
230.43,648649,1538573412881
230.31,653266,1538573415999
230.26,653744,1538573417189
230.275,685714,1538573424104
230.06,702362,1538573430496
229.88,746199,1538573434218
229.85,749153,1538573436163
229.81,758127,1538573436620
229.82,759511,1538573440051
229.82,761842,1538573441557
229.94,775907,1538573445248
230.13,795763,1538573449577
230.24,802419,1538573450487
230.15,806239,1538573451658
230.14,807785,1538573454041
230.37,811500,1538573454727
230.23,816588,1538573455653
230.18,827160,1538573458652
230.24,831311,1538573461173
229.97,837449,1538573465577
229.97,838042,1538573465884
230,842156,1538573468428
230.08,844800,1538573469211
230.04,848051,1538573470553
230.08,852681,1538573472791
230.2,858537,1538573476080
230.17,866771,1538573482290
230.2,873474,1538573484160
230.34,888812,1538573486909
230.38,904028,1538573489657
230.32,906132,1538573490618
230.31,910137,1538573493544
230.35,911369,1538573494470
230.35,913484,1538573495251
230.38,925761,1538573504730
230.38,931398,1538573505438
230.4,935980,1538573509132
230.31,938440,1538573510660
230.18,961864,1538573520390
230.25,967766,1538573524308
230.25,972898,1538573526696
230.24,977322,1538573528301
230.22,979233,1538573529646
230.5,1028346,1538573535772
230.42,1053663,1538573537199
230.48,1069054,1538573539340
230.53,1077163,1538573540934
230.61,1093417,1538573545029
230.65,1107895,1538573547812
230.74,1127157,1538573550682
230.75,1132215,1538573552914
230.66,1164664,1538573560261
230.8,1182627,1538573564813
230.88,1189216,1538573566010
230.9,1202845,1538573569673
231.1,1313131,1538573576803
231.09,1342434,1538573578668
231.04,1351672,1538573582242
230.87,1355990,1538573584124
230.7,1378656,1538573589575
230.68,1383695,1538573593874
230.92,1398026,1538573600479
231.14,1410297,1538573604565
231.03,1423475,1538573606439
231.06,1424486,1538573607654
231.06,1429158,1538573608919
231.13,1439003,1538573610795
231.11,1449500,1538573615069
230.97,1455585,1538573617019
230.91,1464181,1538573618508
230.87,1472259,1538573627354
230.72,1494486,1538573635171
230.96,1515479,1538573644686
231.02,1535822,1538573649869
231.06,1542671,1538573654670
231.13,1553777,1538573659315
231.1,1558505,1538573662467
231.11,1565364,1538573663847
231.08,1588889,1538573667234
231.13,1593591,1538573671329
231.2,1618328,1538573677420
231.23,1623034,1538573679643
231.26,1636827,1538573679908
231.47,1656549,1538573684916
231.52,1732941,1538573689125
231.63,1830472,1538573692253
231.55,1842466,1538573694221
231.5,1845683,1538573695456
231.44,1879927,1538573701170
231.41,1887226,1538573705312
231.35,1904197,1538573708227
231.41,1908750,1538573712444
231.44,1928868,1538573718342
231.44,1951416,1538573726534
231.4,1958389,1538573731088
231.43,1968614,1538573736464
231.35,1976123,1538573739401
231.38,1986582,1538573743304
231.41,1992584,1538573746730
231.38,1997083,1538573747899
231.41,2013599,1538573751024
231.21,2015056,1538573753701
231.28,2016443,1538573756401
231.21,2023708,1538573759548
231.24,2034098,1538573761027
231.35,2042762,1538573768067
231.3,2042847,1538573768441
231.25,2049854,1538573772240
231.19,2061702,1538573775834
231.23,2067031,1538573776849
231.2,2071294,1538573778434
231.21,2078561,1538573782062
231.33,2088073,1538573789950
231.33,2093513,1538573795136
231.35,2101753,1538573800865
231.23,2114400,1538573804495
231.16,2115345,1538573805689
231.27,2119535,1538573811648
231.24,2141957,1538573814846
231.23,2163311,1538573834919
231.19,2166836,1538573836876
231.21,2177253,1538573839701
231.25,2186109,1538573841540
231.19,2194271,1538573843126
231.23,2195155,1538573846142
231.2,2196112,1538573847889
231.28,2201727,1538573850640
231.29,2210511,1538573853473
231.35,2216930,1538573856297
231.3,2218545,1538573858989
231.26,2224091,1538573862437
231.27,2226155,1538573864869
231.39,2272017,1538573878479
231.37,2277746,1538573880086
231.34,2284971,1538573886280
231.32,2298841,1538573898066
231.26,2304133,1538573901057
231.28,2337281,1538573909925
231.24,2337755,1538573912653
231.24,2348908,1538573919427
231.25,2350692,1538573920691
231.23,2352834,1538573921708
231.32,2355055,1538573924557
231.17,2378603,1538573933348
231.21,2382434,1538573937117
231.2,2393212,1538573940711
231.19,2399929,1538573942224
231.34,2413948,1538573943150
231.5,2460159,1538573949226
231.48,2462151,1538573950396
231.42,2467550,1538573952182
231.44,2471173,1538573952934
231.46,2476331,1538573955607
231.31,2499152,1538573965067
231.25,2507992,1538573968073
231.25,2511511,1538573973940
231.18,2511935,1538573976901
231.2,2517219,1538573977118
231.27,2525913,1538573979883
231.27,2545320,1538573980238
231.36,2553852,1538573983461
231.37,2557273,1538573983662
231.27,2560684,1538573986151
231.33,2563908,1538573988250
231.35,2579612,1538573992271
231.35,2591939,1538574000006
231.4,2598888,1538574002440
231.49,2600832,1538574004977
231.45,2605886,1538574006337
231.45,2609198,1538574010257
231.57,2641295,1538574016873
231.56,2647847,1538574018188
231.6,2656637,1538574020563
231.63,2661288,1538574021351
231.7,2673768,1538574025132
231.73,2676886,1538574025473
231.76,2694835,1538574031366
231.67,2707315,1538574032104
231.52,2710476,1538574033508
231.5,2711761,1538574036037
231.51,2718724,1538574037216
231.42,2722192,1538574038143
231.46,2727173,1538574040532
231.46,2727793,1538574042248
231.48,2729028,1538574043237
231.48,2733333,1538574045190
231.46,2739459,1538574046669
231.51,2748577,1538574048990
231.48,2755352,1538574054445
231.45,2768902,1538574058024
231.36,2779542,1538574061017
231.45,2786312,1538574066083
231.33,2793055,1538574067341
231.34,2798991,1538574069541
231.26,2813284,1538574074950
231.25,2823399,1538574076194
231.22,2824428,1538574078031
231.25,2827352,1538574079124
231.25,2830268,1538574079848
231.25,2834184,1538574083183
231.3,2837089,1538574086095
231.28,2839987,1538574088302
231.23,2848632,1538574093600
231.3,2856923,1538574099563
231.25,2862842,1538574103390
231.19,2869513,1538574106343
231.25,2874187,1538574113922
231.24,2884651,1538574121340
231.11,2897940,1538574125463
231.06,2900993,1538574126549
231.02,2910913,1538574128898
231.05,2912566,1538574130645
231.13,2923992,1538574134075
231.14,2928232,1538574135690
231.09,2933333,1538574137394
231.15,2934118,1538574138544
231.17,2937695,1538574140181
231.11,2942290,1538574144588
231.09,2943201,1538574145964
231,2964775,1538574147522
231.02,2970665,1538574152777
231.05,2973307,1538574155758
231.01,2978571,1538574157467
231.04,2990891,1538574160516
231.09,3001041,1538574165722
231.14,3012621,1538574168433
231.14,3016892,1538574169471
231.1,3022593,1538574172316
231.07,3033483,1538574177383
231.09,3034633,1538574178004
231.22,3044914,1538574182363
231.24,3047412,1538574184762
231.27,3051980,1538574188423
231.26,3065264,1538574194057
231.32,3067411,1538574196280
231.35,3074157,1538574198513
231.45,3079048,1538574201816
231.45,3085397,1538574202668
231.45,3093448,1538574204032
231.36,3109700,1538574217914
231.36,3112110,1538574220110
231.35,3115296,1538574224507
231.41,3118107,1538574229422
231.41,3118516,1538574230229
231.38,3123276,1538574235684
231.39,3124071,1538574236987
231.42,3126432,1538574237151
231.47,3134698,1538574242049
231.52,3161227,1538574251514
231.54,3170499,1538574253393
231.54,3172275,1538574257652
231.48,3181439,1538574260394
231.5,3188028,1538574263974
231.39,3208481,1538574271261
231.43,3212777,1538574277103
231.5,3218331,1538574280944
231.48,3245953,1538574288741
231.58,3258557,1538574295619
231.54,3265073,1538574300673
231.56,3269363,1538574303977
231.56,3275732,1538574305836
231.57,3282102,1538574312907
231.63,3290567,1538574314970
231.67,3297353,1538574316780
231.67,3307920,1538574318814
231.78,3316289,1538574321213
231.78,3327066,1538574323274
231.88,3331274,1538574324207
231.78,3340847,1538574326924
231.87,3351244,1538574328448
231.86,3355335,1538574329958
231.86,3359358,1538574331279
231.82,3363155,1538574334000
231.79,3365169,1538574334960
231.76,3369250,1538574336086
231.705,3373252,1538574338302
231.72,3382731,1538574341331
231.7,3401227,1538574347237
231.68,3403351,1538574349521
231.66,3405260,1538574350692
231.69,3405837,1538574353319
231.68,3407469,1538574354875
231.675,3412831,1538574359887
231.68,3414965,1538574362102
231.63,3420833,1538574364875
231.71,3447783,1538574369297
231.7,3455148,1538574372662
231.67,3456838,1538574372898
231.71,3458862,1538574376969
231.705,3464118,1538574380870
231.73,3469579,1538574384877
231.73,3472598,1538574388936
231.7,3476940,1538574393206
231.7,3476705,1538574395143
231.705,3481675,1538574396889
231.68,3484385,1538574398870
231.63,3487229,1538574401876
231.69,3491869,1538574403679
231.71,3491613,1538574404156
231.69,3494850,1538574406083
231.695,3499840,1538574408596
231.71,3502950,1538574412126
231.69,3506372,1538574417363
231.68,3513204,1538574423771
231.705,3520021,1538574426190
231.7,3528369,1538574436449
231.6,3532985,1538574439018
231.66,3535573,1538574442189
231.6,3566789,1538574454333
231.63,3573622,1538574456301
231.64,3573251,1538574457218
231.68,3580195,1538574459340
231.68,3581650,1538574460989
231.74,3603399,1538574474357
231.74,3606691,1538574477851
231.785,3621186,1538574482944
231.81,3630083,1538574489786
231.76,3640879,1538574500695
231.72,3643463,1538574502307
231.69,3646746,1538574503195
231.69,3650026,1538574505027
231.75,3662164,1538574515367
231.76,3663622,1538574518224
231.75,3663112,1538574519632
231.79,3666375,1538574522455
231.81,3677205,1538574528831
231.87,3689974,1538574532388
231.86,3695142,1538574536302
231.88,3698399,1538574538513
231.79,3703564,1538574542571
231.8,3706815,1538574546200
231.76,3717140,1538574549935
231.7,3718463,1538574551197
231.71,3725542,1538574558180
231.65,3735255,1538574559669
231.65,3736555,1538574561756
231.63,3740792,1538574563559
231.64,3743287,1538574565011
231.64,3744569,1538574565641
231.695,3758566,1538574578011
231.58,3788185,1538574579854
231.59,3789412,1538574581936
231.55,3794478,1538574586354
231.51,3793778,1538574586972
231.53,3796916,1538574588828
231.63,3806310,1538574595588
231.77,3820263,1538574598086
231.77,3822447,1538574598650
231.86,3832558,1538574601763
231.82,3835675,1538574602695
231.91,3849569,1538574607322
231.92,3856253,1538574609875
231.89,3862468,1538574614070
231.82,3872292,1538574617547
231.85,3886283,1538574618782
231.78,3892443,1538574623440
231.8,3899446,1538574627857
231.79,3906455,1538574631639
231.84,3908115,1538574634527
231.85,3911184,1538574637065
231.86,3918457,1538574639507
231.84,3921522,1538574644301
231.84,3926563,1538574651245
231.78,3929450,1538574654092
231.78,3932795,1538574654682
231.82,3934408,1538574657601
231.78,3933501,1538574658005
231.81,3938531,1538574662225
231.85,3945546,1538574664190
231.88,3956710,1538574667717
231.87,3964801,1538574673153
231.88,3985924,1538574690693
231.87,3986950,1538574694050
231.93,3992969,1538574698638
231.84,4000051,1538574704545
231.82,4003085,1538574708442
231.85,4008022,1538574711411
231.81,4009022,1538574713221
231.82,4010171,1538574716309
231.85,4010146,1538574717888
231.85,4012657,1538574723016
231.88,4019568,1538574727354
231.87,4022568,1538574730296
231.9,4023547,1538574731551
231.96,4044769,1538574742270
231.935,4046855,1538574744395
231.94,4053451,1538574746976
231.99,4057157,1538574748816
232.03,4204178,1538574750660
231.94,4216004,1538574752673
232.02,4236745,1538574761916
232.04,4241995,1538574765544
232.07,4242790,1538574766614
232.08,4265929,1538574774325
232.05,4280211,1538574777313
232,4298940,1538574787219
231.93,4306522,1538574791201
231.97,4307256,1538574792471
232,4310270,1538574796144
232.03,4324577,1538574803289
232,4330465,1538574805331
232.04,4331171,1538574805969
232.01,4331174,1538574810001
232.04,4338725,1538574814482
232.04,4338988,1538574816339
232.06,4341969,1538574818662
232.02,4349526,1538574826842
232.04,4352501,1538574827829
232.07,4355134,1538574830734
232.2,4384135,1538574840216
232.21,4386023,1538574842109
232.19,4395935,1538574846029
232.23,4399526,1538574848763
232.23,4404797,1538574849455
232.21,4444392,1538574852288
232.11,4449658,1538574852967
232.1,4459019,1538574854774
232.17,4464293,1538574857847
232.15,4471926,1538574865751
232.17,4479070,1538574870290
232.18,4481986,1538574870550
232.16,4486008,1538574872287
232.24,4488918,1538574876863
232.2,4496568,1538574880657
232.21,4499049,1538574884765
232.26,4509614,1538574888457
232.28,4512632,1538574891250
232.28,4514059,1538574893064
232.32,4525318,1538574897476
232.31,4530529,1538574901338
232.26,4533175,1538574902463
232.21,4536066,1538574903053
232.24,4543757,1538574908727
232.2,4549048,1538574910755
232.17,4557521,1538574912570
232.21,4563742,1538574914635
232.185,4564203,1538574916859
232.14,4584004,1538574928109
232.11,4586871,1538574931030
232.1,4591053,1538574932906
232.15,4591470,1538574933936
232.15,4597125,1538574936967
232.16,4600365,1538574944102
232.14,4603130,1538574944639
232.12,4607173,1538574946698
232.11,4609974,1538574948688
232.02,4634429,1538574960984
231.98,4645539,1538574963258
231.95,4652692,1538574966044
231.98,4656656,1538574968484
232.06,4669727,1538574976594
232.05,4682058,1538574985111
232.02,4682386,1538574985664
232.03,4685132,1538574990223
232.04,4687874,1538574995704
232.02,4702740,1538575002061
232.05,4715225,1538575010484
232.01,4722850,1538575014298
232,4723137,1538575015765
232.08,4738122,1538575021465
232.02,4743309,1538575023675
231.98,4773253,1538575039387
231.98,4781188,1538575041935
231.86,4791610,1538575048035
231.84,4800939,1538575049951
231.8,4806159,1538575052828
231.83,4808691,1538575055653
231.79,4813864,1538575055943
231.8,4819225,1538575058998
231.8,4825608,1538575059606
231.84,4826125,1538575062043
231.83,4831818,1538575063440
231.89,4834486,1538575066009
231.85,4839649,1538575067666
231.87,4849974,1538575081655
231.85,4851600,1538575082598
231.87,4856760,1538575088263
231.89,4861920,1538575091459
231.92,4863988,1538575098476
231.89,4871649,1538575104134
231.96,4879444,1538575107770
231.95,4884596,1538575113211
231.98,4884714,1538575117325
231.98,4884833,1538575118583
231.99,4887461,1538575119064
232,4890231,1538575125640
232,4905461,1538575148052
232,4908273,1538575149606
232,4916667,1538575150664
231.95,4922018,1538575153301
231.92,4924605,1538575156793
231.95,4932281,1538575166314
231.95,4934926,1538575168864
231.96,4934992,1538575171698
231.98,4942581,1538575175625
231.97,4945150,1538575181495
231.9,4957911,1538575186849
231.89,4960466,1538575187765
231.905,4960546,1538575190080
231.91,4968117,1538575192244
231.9,4969044,1538575196357
231.85,4975189,1538575200133
231.88,4984014,1538575202227
231.95,4991938,1538575206055
231.99,5047352,1538575211500
232.03,5062607,1538575217474
231.98,5075354,1538575224262
231.96,5080415,1538575228884
231.97,5080969,1538575230241
231.98,5081181,1538575232128
232.05,5096512,1538575244343
232.12,5109316,1538575251212
232.1,5114380,1538575254148
232.135,5122036,1538575258385
232.16,5123879,1538575259139
232.21,5145152,1538575264923
232.18,5150202,1538575271883
232.18,5152650,1538575274181
232.19,5152496,1538575274462
232.23,5159213,1538575280978
232.21,5160394,1538575282932
232.21,5163929,1538575283686
232.27,5168967,1538575286741
232.26,5180742,1538575290927
232.27,5185385,1538575291777
232.32,5190205,1538575295953
232.4,5205405,1538575297702
232.39,5217809,1538575298872
232.4,5222589,1538575300254
232.37,5229920,1538575302383
232.39,5232302,1538575302946
232.435,5236115,1538575305621
232.44,5253628,1538575306879
232.44,5264392,1538575309061
232.44,5272305,1538575313980
232.46,5274370,1538575315703
232.46,5279309,1538575316842
232.44,5283966,1538575318377
232.42,5300148,1538575320117
232.47,5302463,1538575322744
232.475,5304476,1538575324199
232.46,5309395,1538575326411
232.47,5316929,1538575328661
232.49,5319352,1538575329325
232.53,5353622,1538575331740
232.6,5368735,1538575333736
232.54,5373868,1538575334360
232.5,5382538,1538575338297
232.5,5392675,1538575341874
232.48,5397200,1538575342236
232.5,5399460,1538575343769
232.52,5406225,1538575346159
232.5,5408476,1538575348289
232.505,5412971,1538575349998
232.5,5422949,1538575353191
232.46,5426998,1538575354536
232.46,5444434,1538575356920
232.51,5451946,1538575361692
232.58,5461224,1538575364738
232.59,5490093,1538575365101
232.58,5499953,1538575367980
232.5,5508427,1538575370146
232.5,5509394,1538575370910
232.5,5518679,1538575373203
232.42,5529914,1538575374868
232.4,5541004,1538575376750
232.38,5549738,1538575378826
232.38,5551003,1538575381582
232.47,5577267,1538575399674
232.51,5581647,1538575402999
232.51,5583581,1538575403567
232.48,5585514,1538575405332
232.56,5594634,1538575407483
232.56,5596078,1538575409060
232.58,5602877,1538575411745
232.59,5604793,1538575414556
232.6,5606707,1538575415114
232.6,5608620,1538575415768
232.57,5611473,1538575420747
232.58,5619089,1538575423507
232.6,5626499,1538575425399
232.58,5636765,1538575426752
232.59,5648419,1538575431896
232.63,5655199,1538575436639
232.62,5657594,1538575438347
232.64,5661921,1538575438678
232.62,5666969,1538575442224
232.62,5676188,1538575442690
232.58,5685017,1538575446324
232.6,5689335,1538575449597
232.58,5693054,1538575451366
232.595,5693141,1538575452974
232.595,5696820,1538575453967
232.55,5699098,1538575458008
232.36,5727957,1538575464984
232.45,5729794,1538575467515
232.48,5733648,1538575469158
232.48,5732390,1538575471716
232.51,5736680,1538575474141
232.485,5738508,1538575476449
232.47,5739914,1538575479107
232.495,5741104,1538575481719
232.53,5742924,1538575483230
232.53,5746243,1538575484389
232.57,5756594,1538575486500
232.56,5759104,1538575488669
232.54,5761338,1538575491063
232.57,5764806,1538575494539
232.59,5768412,1538575495861
232.58,5771380,1538575496389
232.63,5774532,1538575498208
232.68,5789987,1538575500533
232.73,5794248,1538575501186
232.76,5820894,1538575504890
232.72,5828347,1538575507102
232.71,5832597,1538575509942
232.69,5834367,1538575514031
232.74,5837887,1538575515634
232.74,5842130,1538575516371
232.8,5864076,1538575521115
232.78,5868323,1538575523582
232.78,5873519,1538575525384
232.73,5878173,1538575528771
232.76,5881657,1538575530029
232.77,5883770,1538575532777
232.79,5885509,1538575533695
232.77,5888983,1538575536150
232.8,5905072,1538575537945
232.8,5920305,1538575539801
232.78,5934799,1538575540501
232.79,5944928,1538575541729
232.82,5959687,1538575545596
232.78,5971555,1538575546331
232.84,5987601,1538575550703
232.85,5991832,1538575553694
232.87,6000508,1538575557001
232.88,6005579,1538575559484
232.88,6004730,1538575561537
232.88,6008569,1538575563693
232.89,6012790,1538575565256
232.91,6026316,1538575569976
232.9,6044037,1538575573970
232.89,6048150,1538575574886
232.84,6054014,1538575576482
232.85,6057329,1538575579077
232.85,6058984,1538575581257
232.83,6064834,1538575582611
232.84,6066485,1538575583478
232.76,6080713,1538575587659
232.73,6087275,1538575590697
232.74,6088112,1538575592753
232.79,6093977,1538575594288
232.77,6104635,1538575596786
232.75,6112057,1538575597980
232.78,6115298,1538575600379
232.77,6120042,1538575604695
232.78,6121191,1538575606055
232.83,6149896,1538575616401
232.88,6153098,1538575618117
232.9,6168331,1538575619179
232.82,6178185,1538575623849
232.8,6181440,1538575624469
232.79,6187992,1538575629147
232.8,6189570,1538575630205
232.9,6195283,1538575633355
232.88,6199174,1538575635800
232.91,6202806,1538575638558
232.905,6204373,1538575639372
232.86,6214186,1538575643490
232.88,6215746,1538575644225
232.865,6219868,1538575646392
232.85,6221426,1538575647616
232.86,6235658,1538575653656
232.86,6235700,1538575654909
232.85,6238804,1538575660103
232.87,6240907,1538575663760
232.87,6245031,1538575666534
232.85,6249155,1538575670962
232.85,6253031,1538575674351
232.87,6257155,1538575675597
232.87,6263861,1538575677374
232.87,6269462,1538575678974
232.88,6277501,1538575681174
232.82,6284619,1538575687593
232.71,6302447,1538575689726
232.69,6303954,1538575690024
232.6,6313178,1538575692697
232.51,6323601,1538575694064
232.55,6331092,1538575696253
232.59,6339242,1538575696508
232.61,6352569,1538575702091
232.53,6355705,1538575704449
232.53,6358802,1538575706437
232.55,6363229,1538575706755
232.56,6369902,1538575710274
232.53,6383204,1538575715878
232.5,6387291,1538575716497
232.62,6407491,1538575718108
232.76,6413052,1538575720574
232.77,6414724,1538575721127
232.81,6428162,1538575727125
232.84,6428817,1538575733554
232.78,6437004,1538575738356
232.79,6438462,1538575743376
232.78,6442215,1538575745540
232.78,6445585,1538575751885
232.71,6452311,1538575755268
232.71,6453761,1538575756422
232.74,6457850,1538575759764
232.82,6463384,1538575763626
232.82,6482153,1538575774309
232.82,6482829,1538575775472
232.83,6485253,1538575777851
232.84,6492204,1538575779799
232.82,6493635,1538575781028
232.85,6497715,1538575788628
232.84,6499144,1538575789401
232.83,6500571,1538575791599
232.86,6504647,1538575794152
232.95,6520154,1538575796674
232.95,6523289,1538575798281
232.92,6528514,1538575801567
232.91,6537860,1538575805763
232.87,6537652,1538575808308
232.76,6556622,1538575816557
232.77,6562065,1538575819503
232.71,6563456,1538575821046
232.76,6572937,1538575825164
232.77,6583892,1538575827963
232.78,6587929,1538575829147
232.785,6591139,1538575832962
232.74,6603547,1538575836117
232.695,6613188,1538575838608
232.71,6616383,1538575841255
232.715,6618824,1538575841584
232.675,6630209,1538575846820
232.67,6655185,1538575853897
232.68,6659191,1538575855997
232.68,6660503,1538575856577
232.66,6664429,1538575861004
232.63,6665738,1538575862508
232.64,6676923,1538575866295
232.65,6687348,1538575870515
232.655,6689860,1538575873066
232.645,6710625,1538575879148
232.64,6714531,1538575882516
232.64,6718377,1538575885352
232.65,6732709,1538575892592
232.6,6739242,1538575899288
232.58,6743147,1538575900486
232.55,6752325,1538575905844
232.52,6759922,1538575908038
232.54,6763307,1538575910249
232.56,6767807,1538575912780
232.595,6772950,1538575914284
232.61,6771573,1538575915554
232.62,6774078,1538575917948
232.62,6775989,1538575920056
232.58,6787350,1538575930284
232.54,6795343,1538575933363
232.5,6797676,1538575935080
232.5,6798916,1538575936278
232.5,6809130,1538575937696
232.5,6812297,1538575941449
232.53,6817395,1538575944046
232.53,6821260,1538575945120
232.49,6823232,1538575948296
232.56,6843309,1538575949837
232.545,6861607,1538575950604
232.61,6866680,1538575954935
232.68,6882646,1538575957114
232.65,6890359,1538575959923
232.66,6891557,1538575961356
232.67,6891298,1538575963386
232.685,6897843,1538575964909
232.695,6912346,1538575966709
232.78,6917586,1538575968621
232.81,6925481,1538575969469
232.83,6934258,1538575970767
232.9,6941965,1538575972466
233,6998376,1538575974822
233.07,7016621,1538575975460
233.06,7028666,1538575980192
233.07,7035132,1538575982334
232.98,7055694,1538575986133
233.02,7062583,1538575988169
233.18,7080242,1538575992956
233.165,7093718,1538575997089
233.11,7097620,1538575999281
233.1,7102652,1538576001028
233.1,7104753,1538576003870
233.13,7105880,1538576004392
233.2,7113751,1538576006697
233.27,7129586,1538576009271
233.17,7142050,1538576012052
233.19,7143163,1538576012374
233.19,7147059,1538576014996
233.18,7160101,1538576020013
233.18,7161209,1538576020918
233.2,7162766,1538576023064
233.26,7166641,1538576025147
233.29,7169930,1538576027118
233.32,7179357,1538576028164
233.33,7186091,1538576029494
233.31,7192245,1538576031321
233.3,7198914,1538576034362
233.23,7208385,1538576039081
233.27,7222835,1538576040324
233.28,7226718,1538576042262
233.31,7226377,1538576045280
233.23,7244031,1538576046680
233.17,7247907,1538576050075
233.17,7250329,1538576051997
233.18,7251394,1538576053728
233.1,7267352,1538576056201
233.13,7275107,1538576057705
233.13,7287461,1538576065928
233.11,7289566,1538576066716
233.13,7292793,1538576070248
233.23,7300386,1538576072011
233.29,7307074,1538576073096
233.36,7313766,1538576074409
233.43,7326132,1538576076903
233.41,7332843,1538576078586
233.41,7348410,1538576082405
233.36,7355142,1538576087299
233.36,7361070,1538576092118
233.4,7368813,1538576095080
233.39,7369007,1538576096163
233.345,7376825,1538576100270
233.355,7378347,1538576102593
233.33,7388975,1538576104803
233.23,7392168,1538576105052
233.21,7403724,1538576108354
233.16,7407603,1538576109362
233.2,7410396,1538576113148
233.17,7411400,1538576116458
233.19,7415277,1538576117463
233.18,7416279,1538576120346
233.2,7418365,1538576123380
233.24,7426114,1538576125153
233.27,7427111,1538576126700
233.33,7433863,1538576131929
233.34,7444496,1538576138190
233.34,7446476,1538576139923
233.26,7453235,1538576142508
233.24,7456899,1538576144618
233.22,7460775,1538576151161
233.27,7465740,1538576155803
233.27,7470625,1538576158633
233.33,7474519,1538576160703
233.33,7475491,1538576161386
233.36,7476462,1538576163247
233.39,7486066,1538576168131
233.39,7486952,1538576168422
233.35,7492731,1538576170717
233.4,7500423,1538576177570
233.37,7502887,1538576181674
233.385,7503848,1538576183371
233.36,7509231,1538576185540
233.37,7588829,1538576186687
233.4,7590497,1538576188420
233.41,7594375,1538576189352
233.46,7604344,1538576191961
233.41,7605273,1538576193706
233.35,7608940,1538576195143
233.33,7610174,1538576195734
233.345,7611098,1538576198116
233.275,7621638,1538576201854
233.28,7628571,1538576203288
233.34,7629498,1538576208085
233.335,7633333,1538576210463
233.365,7633793,1538576213410
233.38,7642343,1538576213888
233.27,7646172,1538576217482
233.25,7652529,1538576219564
233.205,7674626,1538576224178
233.225,7681457,1538576224814
233.16,7699962,1538576229820
233.18,7704662,1538576232120
233.12,7717330,1538576235081
233.16,7720817,1538576237705
233.16,7721688,1538576238360
233.19,7731057,1538576246387
233.2,7731922,1538576246590
233.24,7739124,1538576251126
233.23,7739985,1538576255492
233.24,7740845,1538576256221
233.23,7741705,1538576257715
233.27,7741337,1538576260155
233.27,7745137,1538576260820
233.305,7747704,1538576264564
233.31,7751499,1538576265208
233.325,7752352,1538576269128
233.32,7756146,1538576270872
233.33,7762974,1538576274680
233.23,7775617,1538576282045
233.2,7785329,1538576285413
233.22,7792091,1538576294662
233.18,7796731,1538576296572
233.23,7800532,1538576302423
233.17,7806001,1538576307912
233.13,7809329,1538576310548
233.14,7810159,1538576314275
233.12,7813950,1538576317152
233.065,7825322,1538576324025
233.16,7835736,1538576327448
233.18,7839530,1538576330904
233.2,7843323,1538576334825
233.19,7844141,1538576336414
233.09,7867953,1538576342060
233.1,7870375,1538576344010
233.06,7876353,1538576350200
233.06,7880174,1538576355267
233.09,7892917,1538576363052
233.07,7903486,1538576366319
233.1,7907275,1538576374121
233.09,7911856,1538576375884
233.13,7915644,1538576379143
233.08,7928441,1538576390806
233.1,7935243,1538576398457
233.06,7942049,1538576401892
233.08,7945009,1538576403737
233.12,7951822,1538576407010
233.15,7953376,1538576409639
233.13,7957170,1538576411336
233.13,7960964,1538576415156
233.13,7961737,1538576415777
233.08,7966300,1538576419040
233.12,7966679,1538576420665
233.13,7967450,1538576422326
233.14,7972008,1538576426669
233.17,7975076,1538576429119
233.15,7978858,1538576431183
233.16,7980800,1538576433676
233.2,7987585,1538576439686
233.18,8015556,1538576469286
233.17,8025417,1538576478536
233.16,8028750,1538576482688
233.18,8032550,1538576494838
233.16,8033295,1538576498040
233.11,8052801,1538576516576
233.15,8056586,1538576517573
233.14,8056624,1538576521632
233.14,8057359,1538576523675
233.13,8061649,1538576525326
233.14,8062382,1538576526410
233.16,8072995,1538576530950
233.17,8082892,1538576543399
233.18,8088641,1538576556092
233.22,8112287,1538576568927
233.22,8111932,1538576569751
233.22,8121412,1538576572952
233.14,8134405,1538576584760
233.15,8138185,1538576591017
233.14,8139592,1538576594636
233.14,8149527,1538576603506
233.15,8154006,1538576608264
233.14,8158481,1538576611038
233.13,8159177,1538576617511
233.15,8170506,1538576622934
233.18,8178059,1538576628151
233.19,8178747,1538576630010
233.22,8183887,1538576631327
233.18,8188721,1538576632520
233.21,8192493,1538576635863
233.19,8195217,1538576636869
233.22,8199661,1538576639760
233.23,8206802,1538576642194
233.2,8208821,1538576643615
233.22,8212575,1538576645681
233.22,8219602,1538576647657
233.2,8223357,1538576650280
233.19,8224024,1538576650875
233.21,8227740,1538576654179
233.21,8228405,1538576655826
233.19,8234034,1538576658524
233.21,8234696,1538576659452
233.22,8237936,1538576660898
233.22,8238597,1538576664041
233.2,8240577,1538576668940
233.19,8244324,1538576673947
233.15,8251162,1538576677797
233.2,8251817,1538576680621
233.2,8249850,1538576681099
233.2,8253521,1538576686302
233.17,8257266,1538576695425
233.17,8258764,1538576698632
233.15,8265292,1538576703083
233.15,8265942,1538576705478
233.14,8275891,1538576717519
233.12,8276453,1538576725897
233.14,8280202,1538576727428
233.14,8288343,1538576728769
233.135,8288985,1538576733559
233.12,8295840,1538576736712
233.11,8302700,1538576738703
233.09,8306449,1538576739676
233.11,8313948,1538576744880
233.11,8315212,1538576746751
233.11,8315249,1538576747426
233.09,8317123,1538576749848
233.17,8320869,1538576754291
233.19,8322127,1538576756515
233.19,8322754,1538576757153
233.21,8326497,1538576761118
233.22,8324009,1538576763906
233.22,8324636,1538576764178
233.21,8329869,1538576767659
233.23,8329933,1538576769931
233.21,8330557,1538576772503
233.22,8337407,1538576781102
233.2,8338700,1538576783248
233.23,8344581,1538576784504
233.22,8345200,1538576785400
233.22,8345910,1538576787372
233.23,8349645,1538576790675
233.2,8350261,1538576791926
233.23,8365211,1538576798964
233.2,8366430,1538576803158
233.225,8370160,1538576805814
233.24,8381350,1538576808198
233.27,8389411,1538576809846
233.26,8392615,1538576811632
233.22,8396345,1538576813087
233.24,8397989,1538576814225
233.225,8398585,1538576818652
233.22,8404319,1538576819354
233.23,8408042,1538576826021
233.12,8423641,1538576832716
233.12,8424228,1538576833777
233.11,8431087,1538576841950
233.08,8437952,1538576845231
233.05,8445583,1538576851607
233.02,8456189,1538576852673
233.01,8457047,1538576854187
232.96,8488350,1538576859228
232.97,8517528,1538576859750
232.9,8521827,1538576861428
232.93,8527225,1538576863859
232.89,8533371,1538576866909
232.91,8540709,1538576868812
232.92,8543731,1538576869688
232.91,8546234,1538576871626
232.92,8545509,1538576873053
232.91,8547841,1538576874766
232.895,8550465,1538576876461
232.84,8562463,1538576880185
232.85,8569371,1538576884291
232.83,8576814,1538576887037
232.86,8582353,1538576888315
232.86,8593706,1538576893289
232.86,8597430,1538576895831
232.86,8597803,1538576897247
232.86,8600409,1538576898619
232.86,8601968,1538576899371
232.86,8602636,1538576902081
232.86,8603565,1538576903551
232.86,8608432,1538576905209
232.86,8611181,1538576906836
232.86,8617848,1538576912715
232.86,8622070,1538576917067
232.87,8622581,1538576919853
232.84,8626001,1538576926811
232.84,8630230,1538576929304
232.82,8634309,1538576929961
232.78,8641772,1538576932745
232.77,8645980,1538576934158
232.84,8653556,1538576941245
232.84,8657259,1538576941352
232.83,8656942,1538576944446
232.8,8660644,1538576949587
232.865,8673178,1538576956372
232.85,8682470,1538576960241
232.84,8686169,1538576966361
232.84,8686285,1538576968624
232.82,8686770,1538576968849
232.83,8690949,1538576972641
232.82,8694644,1538576979045
232.845,8698338,1538576989148
232.84,8699889,1538576990464
232.855,8700037,1538576993929
232.84,8703727,1538576996103
232.89,8712186,1538577000810
232.94,8739379,1538577011659
232.91,8740775,1538577014747
232.925,8743973,1538577016221
232.95,8755445,1538577018728
232.99,8760595,1538577023404
232.98,8764267,1538577027103
232.92,8769296,1538577030232
232.98,8773414,1538577031878
232.97,8775009,1538577034531
233,8786340,1538577038109
233.07,8804878,1538577039589
233.07,8809385,1538577040615
233.085,8809818,1538577042453
233.1,8814317,1538577045971
233.085,8819238,1538577047933
233.07,8820094,1538577049032
233,8829463,1538577052479
233,8836298,1538577054820
232.96,8846042,1538577057258
233.03,8859738,1538577064615
233.06,8863043,1538577068242
233.09,8867897,1538577070162
233.04,8891627,1538577086568
233.03,8893440,1538577087560
232.97,8904280,1538577099821
233.01,8907907,1538577106098
233.02,8921242,1538577108547
233.05,8924873,1538577109645
233.05,8928504,1538577111865
233.055,8933297,1538577115386
233.065,8940551,1538577117149
233.06,8945283,1538577120058
233.05,8945666,1538577120783
233.06,8954124,1538577125201
233.06,8964578,1538577128951
233.07,8965798,1538577130634
232.99,9001998,1538577153043
232.95,9012177,1538577169269
232.905,9016527,1538577172324
232.88,9021799,1538577175579
232.885,9029053,1538577182661
232.9,9033382,1538577184472
232.82,9046355,1538577186499
232.8,9049982,1538577186695
232.8,9057578,1538577189205
232.79,9057920,1538577191582
232.87,9068118,1538577203200
232.88,9078330,1538577211503
232.82,9088558,1538577218747
232.88,9092849,1538577223697
232.88,9092090,1538577224272
232.84,9096553,1538577232306
232.85,9103485,1538577242473
232.78,9119404,1538577251114
232.85,9119724,1538577257814
232.83,9123993,1538577259218
232.77,9130054,1538577264670
232.75,9144650,1538577268900
232.75,9173967,1538577269087
232.7,9182108,1538577270640
232.68,9188949,1538577273385
232.65,9195882,1538577274118
232.66,9199928,1538577276215
232.67,9203542,1538577279497
232.62,9211340,1538577284362
232.63,9211909,1538577286234
232.68,9229397,1538577291258
232.72,9229675,1538577294144
232.76,9237446,1538577303156
232.7,9245727,1538577306791
232.65,9245871,1538577308350
232.63,9247602,1538577308704
232.58,9251208,1538577313811
232.61,9251478,1538577318770
232.67,9258420,1538577322746
232.63,9268712,1538577337604
232.66,9270516,1538577345235
232.75,9277581,1538577349942
232.71,9294973,1538577360074
232.72,9298590,1538577360623
232.78,9302387,1538577363464
232.81,9306004,1538577365132
232.87,9312988,1538577371918
232.84,9313237,1538577373207
232.86,9316854,1538577373900
232.9,9317101,1538577375594
232.9,9327460,1538577392532
232.93,9334455,1538577400298
232.93,9335818,1538577400997
232.9,9336058,1538577404081
232.85,9339675,1538577404958
232.83,9350054,1538577406792
232.85,9350289,1538577407458
232.91,9360368,1538577410465
232.92,9361519,1538577411132
232.88,9361879,1538577412890
232.86,9362338,1538577414207
232.855,9366007,1538577415658
232.85,9366691,1538577417898
232.85,9366918,1538577419207
232.86,9367960,1538577422344
232.85,9374767,1538577425795
232.87,9376813,1538577426842
232.81,9377671,1538577429963
232.83,9384596,1538577436545
232.78,9391527,1538577444600
232.79,9391961,1538577446451
232.79,9392179,1538577447188
232.78,9402466,1538577453283
232.83,9406364,1538577460740
232.815,9409939,1538577468707
232.82,9410150,1538577470600
232.85,9415440,1538577481664
232.85,9415846,1538577482093
232.83,9419450,1538577490627
232.81,9425777,1538577496331
232.81,9426276,1538577497266
232.73,9433214,1538577508294
232.7,9436786,1538577516324
232.7,9444127,1538577519772
232.67,9447697,1538577521132
232.69,9448091,1538577522845
232.68,9448127,1538577524838
232.79,9455456,1538577532923
232.74,9462397,1538577534200
232.72,9462589,1538577535176
232.71,9465799,1538577539010
232.72,9476124,1538577542369
232.62,9486464,1538577542643
232.61,9493426,1538577546780
232.68,9497574,1538577548229
232.67,9501320,1538577550036
232.69,9502030,1538577551991
232.79,9517439,1538577563390
232.85,9522877,1538577567565
232.85,9524547,1538577568314
232.78,9535204,1538577576390
232.77,9542146,1538577579570
232.8,9556421,1538577591454
232.81,9556737,1538577592462
232.72,9563869,1538577602333
232.7,9564380,1538577608412
232.71,9567852,1538577610548
232.62,9578221,1538577623033
232.63,9581779,1538577623896
232.62,9586050,1538577626130
232.65,9593022,1538577636323
232.65,9610406,1538577652533
232.69,9614189,1538577656467
232.72,9621319,1538577659598
232.72,9624884,1538577661324
232.74,9628449,1538577663206
232.71,9635579,1538577665824
232.71,9639144,1538577671029
232.73,9639273,1538577673949
232.755,9646275,1538577679648
232.75,9655370,1538577682811
232.74,9659157,1538577683716
232.74,9662699,1538577690325
232.75,9662819,1538577693053
232.755,9667185,1538577694575
232.7,9675786,1538577712360
232.71,9675901,1538577712817
232.72,9676016,1538577714302
232.72,9679774,1538577715342
232.69,9686723,1538577722717
232.71,9686834,1538577724125
232.73,9687015,1538577726248
232.75,9690543,1538577728793
232.72,9691461,1538577735181
232.72,9695205,1538577739756
232.71,9695312,1538577741733
232.7,9698837,1538577744238
232.7,9698943,1538577746352
232.71,9700705,1538577747115
232.72,9700915,1538577749162
232.7,9701231,1538577751188
232.67,9704749,1538577756177
232.69,9708266,1538577759488
232.75,9711986,1538577761521
232.75,9712592,1538577763248
232.75,9715745,1538577769582
232.765,9715920,1538577769909
232.75,9719909,1538577772468
232.75,9720007,1538577773105
232.775,9721369,1538577775665
232.78,9723907,1538577777011
232.79,9722268,1538577778022
232.825,9726170,1538577780372
232.78,9724645,1538577781851
232.78,9728483,1538577782779
232.795,9729306,1538577785550
232.795,9736119,1538577788125
232.73,9738799,1538577790432
232.75,9741655,1538577792826
232.73,9748725,1538577799197
232.67,9779510,1538577800685
232.62,9782960,1538577802980
232.64,9783034,1538577806094
232.65,9783109,1538577808342
232.64,9797038,1538577810961
232.63,9800448,1538577811945
232.69,9807273,1538577822759
232.7,9814103,1538577829783
232.72,9813582,1538577832213
232.73,9817138,1538577834166
232.71,9817264,1538577837702
232.75,9820957,1538577841089
232.77,9824458,1538577842094
232.77,9823685,1538577843541
232.76,9830502,1538577844945
232.77,9849593,1538577846575
232.76,9853182,1538577848999
232.74,9853232,1538577850630
232.69,9856664,1538577856105
232.69,9860142,1538577860083
232.74,9863544,1538577861152
232.78,9868602,1538577870063
232.75,9875397,1538577871806
232.75,9882923,1538577875509
232.75,9883974,1538577878640
232.72,9887348,1538577887893
232.66,9900843,1538577889993
232.62,9905765,1538577891993
232.65,9909137,1538577892761
232.7,9913549,1538577896873
232.69,9913578,1538577900664
232.68,9916947,1538577904458
232.63,9921448,1538577906692
232.68,9928259,1538577909452
232.69,9929966,1538577910867
232.68,9932851,1538577912685
232.65,9934063,1538577914129
232.65,9934904,1538577916264
232.65,9939394,1538577922459
232.69,9942761,1538577924148
232.73,9946128,1538577927284
232.68,9962871,1538577928565
232.63,9963208,1538577929529
232.62,9967273,1538577936392
232.61,9967284,1538577937627
232.64,9970333,1538577941996
232.65,9971174,1538577944134
232.65,9971184,1538577946211
232.63,9974546,1538577949301
232.66,9974563,1538577954112
232.63,9975420,1538577956337
232.64,9978778,1538577960925
232.63,9982136,1538577969340
232.6,9988848,1538577973673
232.62,9992207,1538577976892
232.6,10009008,1538577985298
232.605,10009173,1538577987532
232.6,10015899,1538577993003
232.59,10015894,1538577995369
232.62,10019254,1538577998983
232.6,10019248,1538578000872
232.59,10023286,1538578002640
232.6,10026647,1538578005565
232.53,10036079,1538578012166
232.5,10057916,1538578014285
232.47,10064639,1538578016142
232.38,10115423,1538578019732
232.36,10125504,1538578020980
232.4,10125462,1538578022161
232.42,10135091,1538578024226
232.47,10141807,1538578025965
232.42,10169798,1538578035555
232.38,10169684,1538578037727
232.33,10176540,1538578040182
232.32,10179845,1538578041070
232.36,10183148,1538578044346
232.37,10188739,1538578047566
232.38,10190356,1538578049558
232.43,10190423,1538578050358
232.48,10199664,1538578061451
232.51,10204807,1538578068700
232.52,10205042,1538578069058
232.54,10215198,1538578075601
232.54,10218561,1538578076895
232.53,10221923,1538578078955
232.52,10228725,1538578085512
232.52,10232089,1538578087702
232.49,10239448,1538578093729
232.47,10240289,1538578095003
232.48,10247104,1538578103493
232.44,10257075,1538578109848
232.44,10260377,1538578111190
232.44,10260445,1538578114172
232.45,10265891,1538578118735
232.48,10272632,1538578123855
232.46,10276129,1538578132612
232.44,10289713,1538578139636
232.42,10297671,1538578150536
232.46,10297571,1538578154121
232.48,10304421,1538578165908
232.51,10311276,1538578168228
232.54,10314652,1538578171438
232.6,10318529,1538578173248
232.6,10321795,1538578176817
232.63,10321686,1538578178084
232.55,10331781,1538578185498
232.51,10331669,1538578187154
232.52,10335042,1538578189008
232.5,10335717,1538578194880
232.55,10339089,1538578200634
232.56,10342462,1538578204809
232.58,10345835,1538578206080
232.53,10349207,1538578207686
232.52,10349090,1538578211096
232.56,10356504,1538578211321
232.57,10359866,1538578216167
232.54,10366711,1538578229683
232.49,10376926,1538578236907
232.51,10383524,1538578242185
232.5,10383395,1538578244183
232.49,10387223,1538578247614
232.47,10393815,1538578250452
232.47,10397176,1538578251081
232.445,10403628,1538578256430
232.385,10426530,1538578267850
232.39,10429892,1538578272712
232.39,10432673,1538578274800
232.365,10432528,1538578275803
232.36,10437374,1538578278669
232.415,10448693,1538578287243
232.445,10452445,1538578291531
232.42,10455794,1538578295628
232.4,10477181,1538578302707
232.46,10483730,1538578307315
232.43,10497516,1538578315254
232.41,10502518,1538578317738
232.4,10525286,1538578329527
232.4,10528648,1538578337431
232.41,10535193,1538578345048
232.44,10538374,1538578350409
232.51,10541734,1538578354001
232.58,10555548,1538578363439
232.48,10555361,1538578366994
232.44,10565636,1538578368226
232.42,10567821,1538578369575
232.41,10569032,1538578371320
232.4,10572394,1538578371939
232.36,10578341,1538578377245
232.36,10578147,1538578378451
232.25,10601312,1538578383033
232.42,10611608,1538578393444
232.45,10614766,1538578398571
232.4,10616913,1538578399496
232.43,10620585,1538578407563
232.495,10624832,1538578411726
232.47,10631774,1538578419505
232.32,10649259,1538578437243
232.36,10649040,1538578439862
232.34,10652913,1538578447153
232.34,10656282,1538578449610
232.37,10663241,1538578456677
232.4,10666611,1538578456955
232.4,10666846,1538578460957
232.46,10681012,1538578468444
232.47,10687525,1538578475954
232.47,10694503,1538578482318
232.47,10705096,1538578494048
232.45,10708539,1538578497474
232.43,10711914,1538578501156
232.44,10710459,1538578503976
232.42,10713327,1538578506272
232.43,10716937,1538578507500
232.37,10730925,1538578520344
232.36,10733592,1538578522886
232.28,10763643,1538578530105
232.25,10765335,1538578531377
232.34,10783322,1538578544443
232.35,10786712,1538578547259
232.31,10793492,1538578550402
232.29,10796881,1538578552469
232.31,10803934,1538578564838
232.32,10807051,1538578570322
232.305,10810441,1538578572332
232.34,10813831,1538578574518
232.36,10820888,1538578576555
232.345,10819858,1538578577541
232.36,10826915,1538578581066
232.43,10837369,1538578591347
232.42,10840760,1538578596680
232.46,10840475,1538578599684
232.5,10846967,1538578600410
232.44,10850356,1538578601935
232.46,10864790,1538578608305
232.45,10866384,1538578611238
232.42,10868928,1538578615562
232.41,10876010,1538578634509
232.4,10879403,1538578635067
232.38,10879104,1538578640076
232.41,10882197,1538578648102
232.4,10885588,1538578653770
232.38,10886300,1538578656873
232.38,10885864,1538578658245
232.39,10894946,1538578674375
232.38,10894642,1538578675733
232.42,10900170,1538578676298
232.42,10903561,1538578682874
232.43,10914043,1538578688712
232.45,10917124,1538578695319
232.48,10923906,1538578697139
232.49,10925652,1538578699861
232.48,10932746,1538578702215
232.5,10938253,1538578705318
232.54,10954244,1538578709365
232.54,10955612,1538578710591
232.54,10958426,1538578712688
232.54,10960506,1538578713835
232.54,10960182,1538578714921
232.54,10964206,1538578716839
232.5,10965949,1538578718995
232.5,10970727,1538578719769
232.49,10970405,1538578721274
232.42,10974710,1538578726217
232.49,10974386,1538578729632
232.47,10981347,1538578735974
232.5,10980371,1538578739990
232.5,10988352,1538578740491
232.5,10991380,1538578742859
232.5,10991876,1538578743554
232.5,10994191,1538578746526
232.44,10994490,1538578748045
232.48,11004719,1538578754498
232.5,11009112,1538578757576
232.52,11011412,1538578759801
232.5,11010412,1538578760775
232.5,11009746,1538578762966
232.5,11013039,1538578770965
232.505,11018283,1538578778784
232.5,11021236,1538578780055
232.48,11024187,1538578782104
232.47,11023178,1538578784965
232.52,11028056,1538578786485
232.51,11031334,1538578786983
232.5,11030658,1538578788383
232.525,11031569,1538578791401
232.5,11040013,1538578792804
232.505,11038319,1538578795071
232.52,11044155,1538578797575
232.535,11054910,1538578799318
232.53,11062632,1538578801218
232.54,11064695,1538578803213
232.57,11077184,1538578806110
232.57,11077876,1538578807061
232.535,11079327,1538578808614
232.52,11082292,1538578811016
232.55,11085172,1538578813925
232.54,11088031,1538578815588
232.54,11094678,1538578817592
232.52,11093476,1538578819144
232.515,11097984,1538578819794
232.475,11098046,1538578821868
232.41,11104592,1538578828439
232.39,11108194,1538578829427
232.39,11112849,1538578832908
232.43,11119404,1538578835678
232.46,11122509,1538578838719
232.43,11127667,1538578842149
232.37,11130688,1538578844847
232.35,11144151,1538578847764
232.32,11153818,1538578852945
232.31,11155129,1538578854489
232.33,11154413,1538578854895
232.2,11177252,1538578857819
232.195,11189913,1538578858314
232.24,11193007,1538578860962
232.2,11197926,1538578862145
232.24,11204116,1538578863765
232.26,11231163,1538578873084
232.27,11234264,1538578873351
232.29,11244338,1538578881546
232.28,11246667,1538578883685
232.29,11249380,1538578886119
232.23,11253732,1538578888307
232.24,11256829,1538578890763
232.25,11256440,1538578894289
232.21,11266512,1538578897171
232.28,11279696,1538578910527
232.28,11279300,1538578913119
232.29,11282399,1538578914097
232.32,11292496,1538578920315
232.38,11304158,1538578925933
232.35,11307229,1538578926583
232.38,11313435,1538578932398
232.41,11315886,1538578935875
232.37,11325241,1538578942007
232.35,11327933,1538578947840
232.34,11334140,1538578952607
232.37,11337089,1538578956736
232.37,11336674,1538578961237
232.41,11346818,1538578971438
232.37,11352607,1538578974064
232.31,11355711,1538578975761
232.31,11364314,1538578978768
232.33,11370929,1538578989338
232.32,11371889,1538578991250
232.29,11374134,1538579002617
232.27,11373709,1538579005845
232.24,11383369,1538579012621
232.22,11387508,1538579016673
232.21,11397216,1538579021676
232.23,11402535,1538579023066
232.24,11405626,1538579024033
232.22,11409369,1538579027272
232.14,11428364,1538579029509
232.16,11431457,1538579029542
232.13,11443829,1538579032525
232.12,11450464,1538579035031
232.17,11458390,1538579040687
232.2,11468587,1538579050991
232.19,11475240,1538579053332
232.2,11479107,1538579056628
232.195,11481500,1538579059730
232.25,11484599,1538579064035
232.24,11487698,1538579065838
232.28,11487237,1538579067578
232.29,11493616,1538579073147
232.27,11500279,1538579083775
232.26,11502913,1538579083797
232.25,11507313,1538579089048
232.29,11513980,1538579095752
232.31,11522171,1538579103298
232.34,11524326,1538579105980
232.34,11523854,1538579107657
232.34,11526952,1538579109952
232.32,11526479,1538579112482
232.36,11532673,1538579118174
232.39,11542441,1538579126233
232.39,11546625,1538579128356
232.36,11549242,1538579129927
232.4,11549304,1538579133900
232.43,11559071,1538579138993
232.41,11569331,1538579142383
232.5,11578080,1538579149398
232.5,11587133,1538579155883
232.51,11593319,1538579158967
232.525,11594865,1538579159535
232.53,11594496,1538579162452
232.525,11598237,1538579163462
232.5,11597743,1538579166546
232.365,11615201,1538579175440
232.38,11619889,1538579180551
232.39,11619388,1538579181458
232.39,11626075,1538579194956
232.39,11629168,1538579197247
232.35,11632261,1538579203174
232.28,11644125,1538579210465
232.28,11657006,1538579227456
232.275,11659073,1538579228385
232.33,11662751,1538579231782
232.35,11662237,1538579235359
232.37,11661724,1538579235902
232.455,11680259,1538579241663
232.45,11685917,1538579244388
232.46,11689006,1538579248548
232.47,11695706,1538579250172
232.47,11695182,1538579252359
232.48,11694813,1538579253844
232.47,11696357,1538579260201
232.46,11699444,1538579261326
232.46,11702532,1538579264888
232.47,11704566,1538579267494
232.47,11714352,1538579281403
232.46,11713823,1538579286808
232.43,11717654,1538579287704
232.45,11722136,1538579301872
232.46,11720463,1538579302919
232.45,11720525,1538579305335
232.45,11725162,1538579309808
232.42,11724630,1538579314379
232.45,11729052,1538579318351
232.47,11732140,1538579321264
232.47,11731605,1538579324600
232.5,11738927,1538579326839
232.53,11763078,1538579327891
232.5,11765618,1538579330605
232.51,11770148,1538579331932
232.51,11768513,1538579333112
232.5,11771591,1538579333953
232.49,11771046,1538579339060
232.48,11774039,1538579344594
232.505,11774692,1538579346493
232.5,11777495,1538579349346
232.5,11780012,1538579350142
232.535,11781018,1538579353056
232.55,11796129,1538579354096
232.55,11801025,1538579356151
232.55,11803495,1538579358375
232.55,11801866,1538579360691
232.52,11805285,1538579362146
232.51,11814775,1538579365351
232.47,11817778,1538579367163
232.5,11817232,1538579370394
232.505,11817352,1538579371757
232.5,11818853,1538579374596
232.525,11834414,1538579396780
232.515,11836956,1538579398297
232.54,11837099,1538579400361
232.53,11840877,1538579402652
232.54,11845455,1538579404203
232.56,11844905,1538579404638
232.51,11849211,1538579407380
232.53,11851086,1538579408920
232.52,11852959,1538579410387
232.51,11855932,1538579415298
232.47,11858906,1538579421488
232.46,11859810,1538579423222
232.45,11866310,1538579427188
232.38,11872814,1538579430397
232.45,11884613,1538579451684
232.505,11891128,1538579455401
232.5,11890003,1538579455903
232.535,11893014,1538579457980
232.56,11900416,1538579459855
232.55,11909539,1538579460663
232.52,11908975,1538579463442
232.515,11909064,1538579464663
232.515,11911046,1538579466721
232.52,11914286,1538579469626
232.58,11913453,1538579471418
232.595,11918451,1538579473691
232.615,11928923,1538579475480
232.64,11935520,1538579477357
232.61,11937705,1538579478710
232.65,11940644,1538579480268
232.67,11946623,1538579481440
232.57,11954317,1538579485136
232.57,11956355,1538579486680
232.6,11958093,1538579488323
232.58,11957591,1538579489680
232.59,11959886,1538579490875
232.58,11962154,1538579492684
232.59,11962749,1538579494362
232.585,11968754,1538579496519
232.55,11981467,1538579497430
232.57,11980908,1538579498891
232.55,11985509,1538579500901
232.6,11983831,1538579502391
232.63,11992293,1538579504127
232.63,11995105,1538579507044
232.59,12000731,1538579509713
232.62,12003544,1538579510957
232.6,12002981,1538579513595
232.61,12005793,1538579513798
232.63,12006912,1538579515640
232.64,12006348,1538579517380
232.635,12009708,1538579519405
232.66,12011950,1538579521912
232.67,12009983,1538579522376
232.66,12017780,1538579525130
232.64,12022312,1538579526383
232.675,12025596,1538579528642
232.72,12030556,1538579529846
232.7,12029710,1538579532202
232.655,12034536,1538579533796
232.65,12037290,1538579534156
232.67,12039031,1538579536890
232.67,12043882,1538579538827
232.675,12045499,1538579540443
232.675,12048197,1538579541950
232.675,12048240,1538579543946
232.695,12049850,1538579545464
232.65,12052577,1538579547879
232.65,12052017,1538579548224
232.655,12056461,1538579552796
232.615,12057602,1538579555302
232.63,12058884,1538579556399
232.665,12060484,1538579561543
232.65,12063204,1538579564639
232.655,12064699,1538579565193
232.685,12070065,1538579571345
232.685,12070544,1538579572857
232.705,12072182,1538579573976
232.7,12072506,1538579575477
232.715,12074088,1538579578147
232.73,12075358,1538579579955
232.725,12080194,1538579581398
232.7,12082893,1538579583242
232.71,12082331,1538579584143
232.725,12089121,1538579586636
232.7,12091801,1538579590537
232.72,12094480,1538579594241
232.73,12095714,1538579600174
232.75,12097269,1538579602553
232.74,12099946,1538579603200
232.75,12104598,1538579605986
232.71,12110508,1538579606402
232.74,12113182,1538579610041
232.73,12124445,1538579613779
232.72,12131201,1538579619369
232.79,12135539,1538579623092
232.795,12139430,1538579625059
232.79,12138861,1538579625768
232.77,12141713,1538579627826
232.79,12143803,1538579628430
232.8,12148551,1538579632836
232.84,12159761,1538579638287
232.84,12172132,1538579639962
232.82,12174794,1538579641325
232.82,12174215,1538579643341
232.84,12189268,1538579647756
232.82,12189587,1538579649447
232.82,12188102,1538579649793
232.76,12194010,1538579652185
232.76,12205834,1538579660640
232.77,12204659,1538579663551
232.82,12213825,1538579668705
232.85,12213852,1538579672526
232.84,12216516,1538579673358
232.84,12222435,1538579679565
232.87,12231618,1538579682900
232.87,12237547,1538579689439
232.87,12240213,1538579689869
232.88,12242880,1538579691975
232.89,12245547,1538579692983
232.88,12249680,1538579697760
232.89,12251279,1538579698695
232.88,12250679,1538579700478
232.86,12259275,1538579701960
232.9,12261940,1538579702994
232.88,12266667,1538579707357
232.87,12271996,1538579710115
232.92,12280597,1538579719970
232.92,12283262,1538579720692
232.94,12289203,1538579722273
232.96,12297813,1538579724510
233.04,12331061,1538579727871
233.02,12332487,1538579728332
232.97,12348355,1538579736447
232.99,12348623,1538579738665
233.02,12360417,1538579742105
233.01,12370003,1538579747154
233.01,12372679,1538579749837
233.05,12380107,1538579757762
233.06,12385462,1538579762812
233.08,12394776,1538579766012
233.07,12394135,1538579766467
233.08,12400134,1538579771057
233.07,12403832,1538579774829
233.01,12405893,1538579777181
233,12411951,1538579778185
232.97,12417310,1538579781656
233,12427568,1538579792177
233.01,12430249,1538579794733
233.02,12435613,1538579796917
233.04,12434960,1538579798797
233.02,12437641,1538579800628
232.99,12457020,1538579815689
232.95,12465736,1538579826420
232.96,12469780,1538579833617
232.93,12472464,1538579834935
232.9,12475148,1538579836419
232.88,12477831,1538579837485
232.91,12478052,1538579839320
232.93,12485289,1538579843242
232.93,12497368,1538579853658
232.89,12518886,1538579858662
232.87,12524267,1538579863769
232.84,12526957,1538579868289
232.825,12530943,1538579870169
232.785,12540365,1538579871869
232.8,12550067,1538579879624
232.8,12552756,1538579880950
232.81,12551855,1538579885393
232.81,12557231,1538579889141
232.82,12559919,1538579891701
232.87,12565985,1538579898136
232.96,12588985,1538579921051
232.97,12591678,1538579922112
232.96,12597764,1538579926325
232.94,12609704,1538579943011
232.9,12609000,1538579947644
232.92,12611695,1538579951156
232.92,12610991,1538579952906
232.91,12613685,1538579954315
232.96,12616622,1538579962063
232.96,12616429,1538579963473
232.98,12629326,1538579967016
232.96,12637369,1538579979481
232.98,12640065,1538579986310
232.89,12649582,1538580003242
232.86,12662527,1538580017802
232.865,12666307,1538580023227
232.87,12665589,1538580026290
232.91,12670978,1538580040876
232.95,12677089,1538580047574
232.95,12679784,1538580052090
232.985,12691291,1538580060800
233.03,12704263,1538580080842
233.05,12717139,1538580084070
233.05,12716406,1538580085183
233.05,12716730,1538580088690
233.04,12720702,1538580093674
233.015,12723955,1538580097706
233.02,12725917,1538580098863
233.01,12729103,1538580099651
233,12737187,1538580114115
233.04,12741337,1538580116692
233.045,12743292,1538580119537
233.06,12745986,1538580123289
233.055,12747940,1538580123753
233.055,12751589,1538580128414
233.05,12753540,1538580128800
233.05,12753917,1538580130419
233.04,12756608,1538580133271
233.02,12766173,1538580138176
233.04,12768408,1538580146854
233.03,12770355,1538580152027
233.03,12775740,1538580156969
233.03,12778433,1538580162549
232.98,12780377,1538580164825
232.97,12786511,1538580171324
232.98,12785760,1538580172749
232.97,12793240,1538580178984
232.985,12794428,1538580180619
232.99,12794752,1538580182779
232.98,12804926,1538580184644
232.92,12807618,1538580188451
232.94,12806862,1538580193504
232.95,12813001,1538580206709
232.98,12814935,1538580216463
232.96,12817626,1538580218468
233.04,12831978,1538580225089
233.04,12834670,1538580225890
233,12838563,1538580228647
233.005,12837799,1538580232562
233,12841494,1538580234865
233.01,12841978,1538580235483
233.02,12844665,1538580239778
233.06,12858868,1538580242913
233.08,12873625,1538580245686
233.08,12875335,1538580246024
233.05,12879651,1538580249542
233.06,12878880,1538580250054
233.07,12878108,1538580252484
233.09,12880788,1538580255825
233.07,12885374,1538580259391
233.07,12888907,1538580264425
233.07,12896169,1538580269535
233.06,12895394,1538580271089
233.05,12908443,1538580275583
233.12,12916484,1538580281578
233.1,12926093,1538580283948
233.19,12955776,1538580295917
233.22,12961946,1538580301701
233.2,12965305,1538580304399
233.2,12995127,1538580307731
233.22,12997819,1538580313674
233.18,13000512,1538580318192
233.19,13006706,1538580322616
233.17,13006570,1538580324102
233.19,13012766,1538580328049
233.14,13033010,1538580343214
233.17,13035707,1538580348514
233.19,13037055,1538580353106
233.24,13043269,1538580359822
233.22,13053009,1538580365482
233.225,13075189,1538580376047
233.24,13081427,1538580378497
233.19,13087669,1538580379950
233.21,13086834,1538580384461
233.22,13087105,1538580386373
233.22,13093348,1538580395854
233.21,13099594,1538580402579
233.19,13102299,1538580411093
233.18,13105004,1538580416811
233.16,13107709,1538580418143
233.14,13113961,1538580423338
233.14,13113119,1538580425315
233.13,13133586,1538580434453
233.16,13136295,1538580440077
233.15,13139003,1538580443638
233.225,13152399,1538580454520
233.21,13153400,1538580456535
233.22,13154755,1538580457982
233.225,13157464,1538580468219
233.22,13163740,1538580471043
233.22,13173590,1538580483311
233.22,13203205,1538580486671
233.23,13205050,1538580487929
233.255,13224844,1538580493081
233.255,13223967,1538580493089
233.265,13225896,1538580495172
233.28,13229227,1538580499053
233.27,13242721,1538580514173
233.24,13247271,1538580515101
233.24,13249986,1538580517045
233.2,13256364,1538580519562
233.23,13260016,1538580539602
233.21,13269935,1538580550770
233.15,13279864,1538580557383
233.12,13289840,1538580571023
233.1,13299783,1538580572737
233.09,13302501,1538580573366
233.11,13301603,1538580575243
233.11,13300706,1538580577875
233.03,13311827,1538580585226
233.07,13338116,1538580607606
233.09,13349918,1538580614617
233.13,13359918,1538580626995
233.07,13361727,1538580635719
233.05,13365395,1538580645041
233.07,13376602,1538580662409
233.03,13391237,1538580672657
232.985,13401284,1538580674138
233.02,13407678,1538580681740
233.02,13410410,1538580684361
232.98,13419541,1538580688523
232.98,13424084,1538580690462
232.99,13430489,1538580698808
232.95,13446990,1538580700534
232.94,13453408,1538580704689
232.93,13469707,1538580724521
232.91,13473534,1538580729522
232.93,13472583,1538580732374
232.97,13474370,1538580734695
232.88,13509128,1538580784347
232.87,13510252,1538580785345
232.87,13519748,1538580792703
232.87,13528944,1538580808324
232.88,13531687,1538580808973
232.87,13535289,1538580814031
232.87,13539748,1538580814650
232.86,13538778,1538580819073
232.83,13545230,1538580821691
232.82,13551686,1538580823083
232.82,13554428,1538580826067
232.84,13557170,1538580827063
232.87,13556012,1538580832070
232.95,13568923,1538580840225
232.93,13567945,1538580842100
232.95,13570685,1538580849002
232.95,13573425,1538580850278
232.93,13575965,1538580867486
232.91,13586141,1538580880876
232.9,13586880,1538580882508
232.89,13585898,1538580884099
232.79,13626460,1538580891359
232.68,13644743,1538580893043
232.73,13650233,1538580895566
232.73,13655723,1538580897032
232.69,13665971,1538580902774
232.63,13682738,1538580913103
232.62,13685985,1538580914842
232.62,13687720,1538580917145
232.6,13690467,1538580917548
232.56,13696977,1538580919533
232.51,13703491,1538580924509
232.55,13707836,1538580927174
232.5,13716772,1538580930843
232.52,13727070,1538580934035
232.5,13729821,1538580936340
232.49,13732572,1538580939158
232.45,13744606,1538580941916
232.49,13756109,1538580947662
232.57,13770229,1538580953875
232.59,13776777,1538580956070
232.58,13778871,1538580957762
232.57,13782594,1538580961207
232.57,13789146,1538580967250
232.53,13791901,1538580969698
232.53,13790857,1538580970895
232.56,13794931,1538580972141
232.565,13795570,1538580976355
232.56,13797276,1538580979921
232.56,13802091,1538580981597
232.49,13807015,1538580987731
232.49,13809491,1538580989002
232.46,13812242,1538580991095
232.52,13811194,1538580993689
232.5,13813944,1538580996324
232.53,13812895,1538580999498
232.54,13819444,1538581004839
232.47,13823274,1538581012188
232.49,13830473,1538581014434
232.44,13840837,1538581022412
232.42,13843588,1538581031912
232.39,13851418,1538581033719
232.39,13854170,1538581034628
232.38,13864555,1538581046278
232.33,13874952,1538581051906
232.35,13877707,1538581053467
232.3,13883636,1538581055119
232.34,13889865,1538581056809
232.48,13904107,1538581073010
232.38,13924078,1538581081762
232.42,13929582,1538581083223
232.4,13932334,1538581085375
232.41,13932389,1538581085852
232.42,13940391,1538581098219
232.43,13939306,1538581099342
232.47,13961273,1538581120253
232.52,13964030,1538581123965
232.48,13981103,1538581145693
232.46,13987721,1538581148376
232.36,14025311,1538581173374
232.34,14051399,1538581200340
232.33,14054170,1538581202904
232.32,14068636,1538581220986
232.28,14073093,1538581223077
232.35,14084097,1538581234717
232.39,14086872,1538581238408
232.34,14089648,1538581242527
232.37,14091287,1538581244669
232.35,14097974,1538581250334
232.36,14096837,1538581253563
232.4,14114135,1538581257698
232.39,14116912,1538581260839
232.41,14138171,1538581289195
232.41,14140951,1538581294554
232.43,14151599,1538581302758
232.43,14150445,1538581306010
232.42,14160445,1538581325995
232.41,14163227,1538581329655
232.39,14169950,1538581338998
232.36,14176621,1538581341729
232.33,14194319,1538581355073
232.37,14216899,1538581379949
232.37,14218511,1538581381670
232.38,14218651,1538581390027
232.36,14221439,1538581394018
232.36,14232162,1538581401795
232.35,14238923,1538581422704
232.28,14252457,1538581428549
232.28,14255248,1538581430124
232.23,14268994,1538581434600
232.23,14297343,1538581437484
232.17,14312150,1538581441642
232.18,14313550,1538581443744
232.16,14319149,1538581451967
232.12,14323012,1538581454344
232.1,14332428,1538581456090
232.09,14350084,1538581456845
232.02,14443174,1538581459805
231.98,14454032,1538581461841
231.99,14480776,1538581463495
231.98,14492013,1538581465583
232,14498482,1538581467544
232,14501293,1538581468862
231.99,14507197,1538581470745
231.98,14512820,1538581473701
232.01,14512957,1538581476229
232.01,14523931,1538581476837
232.03,14526912,1538581485676
232.04,14529443,1538581487470
232.05,14532255,1538581489553
232.06,14539156,1538581491808
232.05,14546316,1538581494211
231.9,14572107,1538581500682
231.94,14580354,1538581503065
231.95,14587265,1538581512583
232.02,14594179,1538581514870
232.03,14601097,1538581516317
232.02,14603910,1538581519402
232.04,14607932,1538581521425
232.06,14606749,1538581524444
232.03,14609561,1538581525473
232.04,14616699,1538581530296
232.05,14622322,1538581534214
232.07,14623328,1538581536139
232.12,14624838,1538581536836
232.11,14627753,1538581540988
232.1,14636021,1538581544806
232.07,14637528,1538581546550
232.08,14644650,1538581549302
232.08,14647459,1538581555351
232.04,14650267,1538581556019
231.97,14660000,1538581557796
231.95,14666320,1538581560156
231.95,14671938,1538581562228
231.96,14677737,1538581564027
231.93,14682216,1538581565131
231.91,14683707,1538581566146
231.82,14696412,1538581568474
231.81,14718322,1538581569490
231.78,14722272,1538581571794
231.78,14729664,1538581573500
231.76,14738067,1538581574658
231.77,14746471,1538581576692
231.8,14750672,1538581578399
231.87,14753611,1538581580526
231.87,14762017,1538581589445
231.84,14764818,1538581593392
231.86,14763596,1538581594526
231.92,14771997,1538581597563
231.98,14792825,1538581608422
231.99,14795628,1538581610442
232,14801233,1538581611960
232.02,14804036,1538581613817
231.95,14813793,1538581617814
231.95,14824909,1538581631035
231.95,14827714,1538581632227
231.91,14834958,1538581635863
231.92,14837759,1538581638938
231.91,14840168,1538581645767
231.93,14842969,1538581650500
231.91,14845770,1538581653011
231.96,14848571,1538581659863
231.97,14858336,1538581665391
232.04,14865303,1538581682523
232.03,14875189,1538581688264
232.02,14879496,1538581690570
232.04,14886467,1538581693670
232.01,14905975,1538581699475
232.12,14922762,1538581705255
232.14,14929759,1538581707796
232.14,14929798,1538581711031
232.14,14932604,1538581712104
232.17,14935410,1538581717138
232.22,14946603,1538581726377
232.24,14956417,1538581727280
232.31,14964551,1538581730063
232.26,14975773,1538581738930
232.22,14982794,1538581741052
232.24,14987015,1538581742664
232.29,15002475,1538581746876
232.24,15005288,1538581751426
232.24,15008101,1538581756426
232.18,15013727,1538581763244
232.23,15026745,1538581785525
232.21,15032508,1538581788474
232.21,15036719,1538581791098
232.23,15035302,1538581797330
232.24,15040113,1538581801058
232.4,15078263,1538581816586
232.41,15086721,1538581816704
232.435,15091004,1538581819439
232.44,15093824,1538581821465
232.37,15098477,1538581825232
232.355,15094784,1538581825731
232.34,15101861,1538581836961
232.36,15102622,1538581839702
232.37,15113963,1538581841948
232.365,15118110,1538581846067
232.35,15131197,1538581854350
232.38,15132609,1538581862262
232.37,15135432,1538581865021
232.35,15138255,1538581873661
232.405,15152458,1538581884409
232.41,15155282,1538581892680
232.38,15156651,1538581896148
232.35,15163757,1538581906863
232.4,15177925,1538581914341
232.43,15180752,1538581916179
232.47,15183578,1538581917263
232.49,15210608,1538581923379
232.48,15213579,1538581924536
232.49,15216294,1538581927938
232.47,15219123,1538581932633
232.59,15252154,1538581937773
232.56,15259314,1538581945859
232.55,15275142,1538581961949
232.58,15287993,1538581966640
232.59,15290832,1538581975982
232.63,15293670,1538581979193
232.66,15295006,1538581982223
232.65,15297843,1538581985526
232.66,15299177,1538581987449
232.66,15302014,1538581988178
232.62,15309194,1538581991760
232.67,15316378,1538581993465
232.64,15319217,1538581996418
232.58,15322055,1538581999340
232.56,15333598,1538582002113
232.61,15340795,1538582006115
232.65,15347997,1538582007083
232.63,15348650,1538582010949
232.61,15353127,1538582020281
232.61,15354447,1538582022762
232.57,15360290,1538582028315
232.58,15365368,1538582042710
232.54,15372582,1538582057155
232.58,15378947,1538582076147
232.57,15381679,1538582078002
232.54,15384523,1538582087586
232.525,15385206,1538582093149
232.56,15386519,1538582100619
232.55,15405341,1538582103760
232.54,15408182,1538582113094
232.47,15435381,1538582132948
232.43,15438225,1538582135270
232.45,15454256,1538582170129
232.47,15453130,1538582171373
232.45,15464778,1538582182601
232.44,15463222,1538582184060
232.46,15466069,1538582184404
232.49,15467359,1538582191880
232.46,15479015,1538582202806
232.49,15481862,1538582208536
232.51,15483433,1538582211504
232.49,15490410,1538582214576
232.495,15490524,1538582216008
232.49,15493369,1538582225934
232.48,15494908,1538582229048
232.47,15497752,1538582238419
232.46,15505009,1538582257676
232.47,15507854,1538582270380
232.45,15522380,1538582294551
232.45,15528075,1538582316348
232.5,15539772,1538582332973
232.525,15542621,1538582338162
232.52,15548319,1538582340260
232.53,15562885,1538582371299
232.52,15565678,1538582373502
232.57,15581854,1538582377244
232.61,15592066,1538582385425
232.62,15596177,1538582387341
232.62,15597575,1538582388981
232.62,15595978,1538582390478
232.61,15598831,1538582391307
232.75,15621331,1538582401067
232.73,15630286,1538582406430
232.75,15629566,1538582409817
232.78,15641348,1538582414223
232.79,15648672,1538582418422
232.8,15651814,1538582422425
232.78,15649829,1538582425390
232.79,15652683,1538582428372
232.73,15655537,1538582432122
232.735,15659253,1538582435286
232.81,15662104,1538582443670
232.83,15669424,1538582446178
232.79,15667807,1538582448474
232.79,15669803,1538582452530
232.81,15677125,1538582464635
232.8,15679977,1538582475047
232.8,15687304,1538582483844
232.78,15694635,1538582488341
232.76,15693010,1538582495095
232.72,15698716,1538582500295
232.725,15699943,1538582501299
232.72,15702795,1538582504359
232.68,15701169,1538582505108
232.7,15704021,1538582507102
232.71,15706872,1538582510088
232.71,15709723,1538582513103
232.72,15712575,1538582515929
232.7,15710946,1538582518865
232.69,15713797,1538582520442
232.65,15716648,1538582528660
232.64,15728465,1538582544086
232.66,15726832,1538582545135
232.6,15729798,1538582552226
232.59,15732649,1538582553887
232.58,15731214,1538582556151
232.59,15734065,1538582557392
232.57,15736916,1538582560692
232.61,15747861,1538582570313
232.57,15748403,1538582571782
232.59,15746764,1538582576876
232.6,15749615,1538582581308
232.61,15754164,1538582586006
232.62,15752524,1538582593374
232.64,15755660,1538582595733
232.6,15758512,1538582598106
232.6,15764214,1538582615215
232.58,15767066,1538582618479
232.58,15769917,1538582619994
232.56,15772769,1538582622818
232.52,15780120,1538582629227
232.5,15778472,1538582638087
232.52,15781323,1538582640698
232.52,15783319,1538582651229
232.59,15786171,1538582655688
232.64,15798031,1538582666022
232.63,15796378,1538582667804
232.57,15803738,1538582683859
232.59,15802082,1538582693054
